epoch,time,train/box_loss,train/cls_loss,train/l1_loss,metrics/precision(B),metrics/recall(B),metrics/mAP50(B),metrics/mAP50-95(B),val/box_loss,val/cls_loss,val/l1_loss,lr/pg0,lr/pg1,lr/pg2
1,45.0128,1.89772,6.78664,0.01188,0,0,0,0,3.28646,15.7052,0.02542,0.000277778,0.000277778,0.0725
2,80.8617,2.09185,6.04833,0.01751,0,0,0,0,3.28646,15.7052,0.02542,0.000603549,0.000603549,0.0394924
3,128.946,2.07435,5.57216,0.0178,0,0,0,0,3.28646,15.7052,0.02542,0.000921069,0.000921069,0.00647662
4,164.868,2.08274,5.64701,0.01727,0.00023,0.05,5e-05,3e-05,2.77489,21.5348,0.02612,0.000962875,0.000962875,0.000962875
5,198.958,2.21881,5.4076,0.02373,0.00023,0.05,5e-05,3e-05,2.77489,21.5348,0.02612,0.0009505,0.0009505,0.0009505
6,234.78,2.01241,5.42582,0.01391,0,0,0,0,3.24522,22.9701,0.02879,0.000938125,0.000938125,0.000938125
7,269.576,1.97379,4.93946,0.01374,0,0,0,0,3.24522,22.9701,0.02879,0.00092575,0.00092575,0.00092575
8,304.407,1.87691,5.16115,0.01524,0,0,0,0,3.24522,22.9701,0.02879,0.000913375,0.000913375,0.000913375
9,339.209,1.97985,4.84967,0.01321,0.00183,0.3,0.00136,0.00031,2.96475,18.9335,0.02777,0.000901,0.000901,0.000901
10,376.332,1.96266,4.70914,0.01636,0.00183,0.3,0.00136,0.00031,2.96475,18.9335,0.02777,0.000888625,0.000888625,0.000888625
11,411.446,2.06076,4.71773,0.01823,0.00095,0.3,0.0094,0.00204,2.62301,11.8096,0.02212,0.00087625,0.00087625,0.00087625
12,445.165,1.7836,4.33138,0.01417,0.00095,0.3,0.0094,0.00204,2.62301,11.8096,0.02212,0.000863875,0.000863875,0.000863875
13,479.029,1.95697,4.49339,0.01439,0.00095,0.3,0.0094,0.00204,2.62301,11.8096,0.02212,0.0008515,0.0008515,0.0008515
14,513.362,1.86995,4.46393,0.01472,0.25118,0.05,0.00143,0.00058,2.31446,9.9493,0.01685,0.000839125,0.000839125,0.000839125
15,546.786,1.90386,4.32198,0.0137,0.25118,0.05,0.00143,0.00058,2.31446,9.9493,0.01685,0.00082675,0.00082675,0.00082675
16,580.216,1.87353,4.15477,0.01364,0,0,0,0,2.17871,8.7621,0.01645,0.000814375,0.000814375,0.000814375
17,614.189,1.89638,3.96579,0.01549,0,0,0,0,2.17871,8.7621,0.01645,0.000802,0.000802,0.000802
18,648.17,1.98159,4.06134,0.01408,0,0,0,0,2.17871,8.7621,0.01645,0.000789625,0.000789625,0.000789625
19,682.107,1.93488,3.92836,0.01635,0.00058,0.25,0.00082,0.00041,1.82762,8.36454,0.01188,0.00077725,0.00077725,0.00077725
20,716.105,1.9451,3.97923,0.01612,0.00058,0.25,0.00082,0.00041,1.82762,8.36454,0.01188,0.000764875,0.000764875,0.000764875
21,750.877,1.72408,3.80362,0.01402,0.00197,0.4,0.00461,0.00228,1.73604,7.90917,0.01309,0.0007525,0.0007525,0.0007525
22,785.257,1.85187,3.27557,0.01321,0.00197,0.4,0.00461,0.00228,1.73604,7.90917,0.01309,0.000740125,0.000740125,0.000740125
23,819.871,1.75758,3.55125,0.01315,0.00197,0.4,0.00461,0.00228,1.73604,7.90917,0.01309,0.00072775,0.00072775,0.00072775
24,854.335,1.67047,3.43023,0.01355,0.00165,0.35,0.00364,0.00157,1.84794,7.32255,0.01439,0.000715375,0.000715375,0.000715375
25,889.46,1.88467,3.23526,0.01428,0.00165,0.35,0.00364,0.00157,1.84794,7.32255,0.01439,0.000703,0.000703,0.000703
26,924.103,1.82782,3.4502,0.01272,0.0009,0.3,0.00139,0.0007,2.20778,7.88837,0.01804,0.000690625,0.000690625,0.000690625
27,959.104,1.81409,3.71807,0.01316,0.0009,0.3,0.00139,0.0007,2.20778,7.88837,0.01804,0.00067825,0.00067825,0.00067825
28,992.838,1.85575,3.30649,0.01434,0.0009,0.3,0.00139,0.0007,2.20778,7.88837,0.01804,0.000665875,0.000665875,0.000665875
29,1028.19,1.72115,3.0596,0.01011,0.00092,0.3,0.00103,0.00047,2.06126,7.78349,0.0178,0.0006535,0.0006535,0.0006535
30,1062.45,1.84188,3.20827,0.01213,0.00092,0.3,0.00103,0.00047,2.06126,7.78349,0.0178,0.000641125,0.000641125,0.000641125
31,1096.79,1.66041,2.88958,0.01331,0.00113,0.3,0.00097,0.00064,1.94879,8.0491,0.0154,0.00062875,0.00062875,0.00062875
32,1131.55,1.74253,2.87701,0.01272,0.00113,0.3,0.00097,0.00064,1.94879,8.0491,0.0154,0.000616375,0.000616375,0.000616375
33,1167.88,1.57651,3.16828,0.01378,0.00113,0.3,0.00097,0.00064,1.94879,8.0491,0.0154,0.000604,0.000604,0.000604
34,1203.05,1.70007,2.93067,0.01168,0.00101,0.3,0.0017,0.00127,1.99717,7.51143,0.01589,0.000591625,0.000591625,0.000591625
35,1237.69,1.56746,3.21856,0.01031,0.00101,0.3,0.0017,0.00127,1.99717,7.51143,0.01589,0.00057925,0.00057925,0.00057925
36,1272.85,1.67565,2.91859,0.01015,0.00462,0.5,0.01923,0.00969,1.79336,6.33302,0.01471,0.000566875,0.000566875,0.000566875
37,1307.82,1.64612,2.76033,0.01082,0.00462,0.5,0.01923,0.00969,1.79336,6.33302,0.01471,0.0005545,0.0005545,0.0005545
38,1342.57,1.63185,2.99755,0.01087,0.00462,0.5,0.01923,0.00969,1.79336,6.33302,0.01471,0.000542125,0.000542125,0.000542125
39,1377.99,1.57505,3.12563,0.01159,0.00445,0.5,0.03249,0.01786,1.66233,5.89362,0.01411,0.00052975,0.00052975,0.00052975
40,1414.3,1.63105,3.01665,0.01766,0.00445,0.5,0.03249,0.01786,1.66233,5.89362,0.01411,0.000517375,0.000517375,0.000517375
41,1449.25,1.81552,2.65369,0.01225,0.31015,0.05,0.07259,0.03357,1.82398,5.46184,0.01518,0.000505,0.000505,0.000505
42,1484.62,1.7025,2.73829,0.00964,0.31015,0.05,0.07259,0.03357,1.82398,5.46184,0.01518,0.000492625,0.000492625,0.000492625
43,1519.05,1.71198,2.58568,0.01147,0.31015,0.05,0.07259,0.03357,1.82398,5.46184,0.01518,0.00048025,0.00048025,0.00048025
44,1554.09,1.5862,2.76869,0.01202,0.00251,0.4,0.06523,0.03153,1.83079,5.60129,0.01436,0.000467875,0.000467875,0.000467875
45,1588.85,1.8727,2.84555,0.0125,0.00251,0.4,0.06523,0.03153,1.83079,5.60129,0.01436,0.0004555,0.0004555,0.0004555
46,1624.52,1.5981,2.34407,0.01125,0.002,0.35,0.01851,0.01123,1.79259,5.90465,0.01151,0.000443125,0.000443125,0.000443125
47,1659.86,1.72121,2.50566,0.01392,0.002,0.35,0.01851,0.01123,1.79259,5.90465,0.01151,0.00043075,0.00043075,0.00043075
48,1696.27,1.63214,2.62892,0.01172,0.002,0.35,0.01851,0.01123,1.79259,5.90465,0.01151,0.000418375,0.000418375,0.000418375
49,1732.83,1.5457,2.1524,0.00931,0.00209,0.35,0.0078,0.00477,1.95692,6.45488,0.0143,0.000406,0.000406,0.000406
50,1769.07,1.65169,2.60638,0.01182,0.00209,0.35,0.0078,0.00477,1.95692,6.45488,0.0143,0.000393625,0.000393625,0.000393625
51,1806.11,1.74404,2.47614,0.01182,0.00225,0.35,0.00302,0.00204,2.07251,6.93549,0.01523,0.00038125,0.00038125,0.00038125
52,1841.76,1.51779,2.23362,0.00948,0.00225,0.35,0.00302,0.00204,2.07251,6.93549,0.01523,0.000368875,0.000368875,0.000368875
53,1877.38,1.77484,2.2727,0.01328,0.00225,0.35,0.00302,0.00204,2.07251,6.93549,0.01523,0.0003565,0.0003565,0.0003565
54,1913.07,1.57477,2.31178,0.01013,0.00246,0.35,0.00157,0.00086,2.07347,7.03868,0.0166,0.000344125,0.000344125,0.000344125
55,1949.37,1.60714,2.41891,0.0122,0.00246,0.35,0.00157,0.00086,2.07347,7.03868,0.0166,0.00033175,0.00033175,0.00033175
56,1985.55,1.61493,2.33699,0.01011,0.00147,0.3,0.00108,0.0007,2.0164,6.82985,0.01535,0.000319375,0.000319375,0.000319375
57,2021.09,1.55227,2.22226,0.01018,0.00147,0.3,0.00108,0.0007,2.0164,6.82985,0.01535,0.000307,0.000307,0.000307
58,2058.42,1.56772,2.28636,0.01141,0.00147,0.3,0.00108,0.0007,2.0164,6.82985,0.01535,0.000294625,0.000294625,0.000294625
59,2093.88,1.56879,2.28335,0.01234,0.00152,0.3,0.00114,0.00068,2.05674,6.60479,0.01524,0.00028225,0.00028225,0.00028225
60,2128.84,1.80766,2.23314,0.01087,0.00152,0.3,0.00114,0.00068,2.05674,6.60479,0.01524,0.000269875,0.000269875,0.000269875
61,2164.07,1.50789,2.06564,0.01122,0.00146,0.3,0.00109,0.00073,2.05662,6.44994,0.01534,0.0002575,0.0002575,0.0002575
62,2198.61,1.58728,2.01976,0.00965,0.00146,0.3,0.00109,0.00073,2.05662,6.44994,0.01534,0.000245125,0.000245125,0.000245125
63,2234.1,1.53762,2.2136,0.01005,0.00146,0.3,0.00109,0.00073,2.05662,6.44994,0.01534,0.00023275,0.00023275,0.00023275
64,2268.49,1.62459,2.24051,0.00969,0.00142,0.3,0.00152,0.00091,2.2122,6.47912,0.01786,0.000220375,0.000220375,0.000220375
65,2303.22,1.54774,1.94546,0.01128,0.00142,0.3,0.00152,0.00091,2.2122,6.47912,0.01786,0.000208,0.000208,0.000208
66,2339.29,1.58159,2.13476,0.01062,0.00136,0.3,0.00178,0.00107,2.10635,6.60038,0.01636,0.000195625,0.000195625,0.000195625
67,2374.1,1.58798,2.0748,0.01025,0.00136,0.3,0.00178,0.00107,2.10635,6.60038,0.01636,0.00018325,0.00018325,0.00018325
68,2408.19,1.49871,2.35171,0.01135,0.00136,0.3,0.00178,0.00107,2.10635,6.60038,0.01636,0.000170875,0.000170875,0.000170875
69,2441.64,1.64181,2.29895,0.01123,0.00129,0.3,0.00215,0.00133,2.08081,6.54182,0.01661,0.0001585,0.0001585,0.0001585
70,2476.65,1.46793,2.08346,0.0124,0.00129,0.3,0.00215,0.00133,2.08081,6.54182,0.01661,0.000146125,0.000146125,0.000146125
71,2510.82,1.49247,2.11511,0.01167,0.00131,0.3,0.00225,0.0014,2.09212,6.54929,0.01676,0.00013375,0.00013375,0.00013375
72,2544.79,1.44925,1.99808,0.01071,0.00131,0.3,0.00225,0.0014,2.09212,6.54929,0.01676,0.000121375,0.000121375,0.000121375
73,2579.36,1.5785,2.21672,0.01319,0.00131,0.3,0.00225,0.0014,2.09212,6.54929,0.01676,0.000109,0.000109,0.000109
74,2613.19,1.40323,1.95217,0.01106,0.0013,0.3,0.0023,0.00151,2.05175,6.47312,0.01361,9.6625e-05,9.6625e-05,9.6625e-05
75,2646.76,1.44096,1.97229,0.01138,0.0013,0.3,0.0023,0.00151,2.05175,6.47312,0.01361,8.425e-05,8.425e-05,8.425e-05
76,2680.76,1.44662,1.7755,0.01229,0.00134,0.3,0.00242,0.00161,2.03142,6.45639,0.01272,7.1875e-05,7.1875e-05,7.1875e-05
77,2715,1.48053,2.03617,0.01279,0.00134,0.3,0.00242,0.00161,2.03142,6.45639,0.01272,5.95e-05,5.95e-05,5.95e-05
78,2749.41,1.42736,1.99121,0.01073,0.00134,0.3,0.00242,0.00161,2.03142,6.45639,0.01272,4.7125e-05,4.7125e-05,4.7125e-05
79,2784.52,1.41408,1.90638,0.01046,0.00137,0.3,0.00234,0.00156,2.01494,6.43219,0.01325,3.475e-05,3.475e-05,3.475e-05
80,2818.56,1.47973,1.99926,0.01291,0.00137,0.3,0.00234,0.00156,2.01494,6.43219,0.01325,2.2375e-05,2.2375e-05,2.2375e-05
