image,group_id,split
images/val/009ed874804749c2747dcabde4c38bc2aa3a1a3575cb501b5ede6789d9af1dbb.jpg,ceasa_roof_overview,val
images/train/0315a58d3dd318107b1cf55b387a7fdfe7c6a7df9e36faebd862f7dcd2e15c69.jpg,ceasa_roof_wall_termination,train
images/train/08772654ea11f2c6d0c3184748a7fffc3525cac35d7042656818500db18458be.jpg,ceasa_closeup_08772654,train
images/train/0f729b3e9a0bab66f6c0f309e403a5eef269f7743702e285122d3ef2d76bf89a.jpg,ceasa_roof_foreign_object_0f729b3e,train
images/test/1b9f5c82a8ae7d21572b1ede62c904d0d0050c5683c5f7cb916992774950bc49.jpg,ceasa_roof_junction_details,test
images/test/1dc91db4ec36a6dad462d3a4b6b6f202c57e0d79d8cd83ec12a45fbfc423b6ee.jpg,ceasa_roof_junction_details,test
images/test/23074d75889dd3540178b4f4967277d6dca6fc7066aa3062868c6a4386c3dd38.jpg,ceasa_roof_junction_details,test
images/val/2ff55c50b1e0a6786404a911e2634bff041762ddd98d0d6f86f83be8061c517b.jpg,ceasa_roof_overview,val
images/train/32a3cd23e01454b5e1ffaf38b4df5cd0de526914b65fa973f8398c84d57ec5e2.jpg,ceasa_roof_foreign_object_32a3cd23,train
images/train/36ef7a9ce5bd317bbd359ae04e5fb48b671a00b681a82e822a91c284a3c2434a.jpg,ceasa_closeup_36ef7a9c,train
images/test/399d7cea73e4de2b057c2ec9863fc2dcf51e68f4aff2d32070c735c208cf36f5.jpg,ceasa_roof_junction_details,test
images/test/3aa2001d038ca9fef5d597345cc776ec5bf3a6967a2601cda511fe0d58150351.jpg,ceasa_roof_junction_details,test
images/train/4704f37da1bfe6741cf1cd51e1c0856fa0525abeddb9d7a77649393718c8ac26.jpg,ceasa_closeup_rufo_reparo_4704f37d,train
images/train/4c5cb2622f40cf26657de0a09a453ae41aee6b41f611fd4a67f7b6cd4c037dd1.jpg,ceasa_closeup_roof_chimney_88b54f26,train
images/train/50f69e0ccb9519d6aa2f58754218c1bf0fbda162a7612c885bd95d875c323ecb.jpg,ceasa_gutter_closeup_50f69e0c,train
images/val/68a5aa9ef07b199298b238f1f81a0b54de86bd771b10d99f151459cea880426d.jpg,ceasa_roof_overview,val
images/train/68b395f07b3c64efec2bd9c20c917dfb715130797e5f9187738dca2d6a0a21eb.jpg,ceasa_closeup_68b395f0,train
images/train/73218070524752bc3173ea9ea6926dcf7bbd6dadb8a0800e4d7ed95d2e5bb971.jpg,ceasa_gutter_closeup_73218070,train
images/train/73eefa51e56b97c53d83b5ba4e6d0c05e4f3b97bb0a936b3cb32ca6e889db1cc.jpg,ceasa_gutter_closeup_73eefa51,train
images/train/7b8b0c035e2292d990fa0c493c5f25163cdf5572bfd68098ecd9d8f7f2f7ea3b.jpg,ceasa_service_junction,train
images/train/8052814489da66c77231ff5ffccbee3236719d83408ce298d31fe13f7132aee4.jpg,ceasa_closeup_corner_80528144,train
images/train/814749e34f1e79fbaf554ffa613901e29147e5e6a088222fd54b6545dc714a3b.jpg,ceasa_perimeter_gutter,train
images/train/88b54f26e06a9b1505ee0804e82ffe0d78f490183db9f2707203c3760c2d0dc5.jpg,ceasa_closeup_roof_chimney_88b54f26,train
images/train/9227be4e4aff0671548aff993d70008b62a2c51bccd68f1a30f267cceba3bea7.jpg,ceasa_closeup_corner_80528144,train
images/test/985fdab586b64fa0344bdb3d840e2552524d5405e354617938f22443def526e9.jpg,ceasa_roof_junction_details,test
images/train/9ab86531dec3f81564cc1d51bc5d534cd10d156f60af7ca55c592f5ff5b3b802.jpg,ceasa_closeup_9ab86531,train
images/train/a498d247ae429d0d23701b29a148958e86a3dad6f7e7e01b5186e05c06949a3a.jpg,ceasa_service_junction,train
images/train/a64803dabcfcaad82852da022b2a6bc85f6773ffba2e29095c4e67a51c66ff0e.jpg,ceasa_gutter_closeup_a64803da,train
images/val/abec366e27c1f5809636c55e9b037bd77134936456ff748e7b1c6852b5a48bb5.jpg,ceasa_closeup_abec366e,val
images/test/bca8f6e02e3f00fe307634bb55cde6ce2fb37cd10f6724a7d814be664ded6a1c.jpg,ceasa_roof_junction_details,test
images/train/beebf15ccef412efa39902b3fb0753c5aabf2c0423d26937efedf14027a8d11d.jpg,ceasa_closeup_beebf15c,train
images/train/d12131ddee51d3d84ab6bbf5b8f54abdad769800215b5d068e5e8d22b73265cc.jpg,ceasa_closeup_d12131dd,train
images/train/d7dcb606c5b1ff4b0f3ccb31f913ab53f98cc7635c38b2ad9107faed0b6addc6.jpg,ceasa_perimeter_gutter,train
images/test/d86cc412a1856b2c5fbc85aeb9e3e83fe6a39ca0e14e9dcca2aee6a61fa6b6a5.jpg,ceasa_roof_junction_details,test
images/val/e59d70812f26fd7a93d9d7020983643e74855ab66410883fedba2ae0646a8b52.jpg,ceasa_closeup_e59d7081,val
images/val/f55d62a3174c6ebb620fca7ebb863ac08893e9c1c2b8c7e20b8d5bd7fd139e99.jpg,ceasa_roof_overview,val
images/test/f5b9ef7de70622b39b748bc2ee654166b5facc42a7c5e1ee8c37054f9217588c.jpg,ceasa_roof_junction_details,test
