epoch,time,train/box_loss,train/cls_loss,train/l1_loss,metrics/precision(B),metrics/recall(B),metrics/mAP50(B),metrics/mAP50-95(B),val/box_loss,val/cls_loss,val/l1_loss,lr/pg0,lr/pg1,lr/pg2
1,47.5033,1.9359,6.29614,0.01193,0,0,0,0,3.13325,15.9581,0.04159,0.000277778,0.000277778,0.0725
2,96.5611,2.04632,6.65406,0.01436,0,0,0,0,3.13325,15.9581,0.04159,0.000603549,0.000603549,0.0394924
3,146.126,1.99583,6.14869,0.01438,0,0,0,0,3.13325,15.9581,0.04159,0.000921069,0.000921069,0.00647662
4,194.608,2.14683,5.84776,0.01769,0,0,0,0,2.62738,26.9403,0.03822,0.000962875,0.000962875,0.000962875
5,249.051,2.15939,6.05631,0.01676,0,0,0,0,2.62738,26.9403,0.03822,0.0009505,0.0009505,0.0009505
6,318.256,2.11938,5.2295,0.01521,0.00709,0.08333,0.00272,0.00078,2.11302,19.3033,0.02493,0.000938125,0.000938125,0.000938125
7,369.218,1.83171,5.43509,0.01576,0.00709,0.08333,0.00272,0.00078,2.11302,19.3033,0.02493,0.00092575,0.00092575,0.00092575
8,453.228,1.93689,5.54093,0.01512,0.00709,0.08333,0.00272,0.00078,2.11302,19.3033,0.02493,0.000913375,0.000913375,0.000913375
9,515.482,1.90771,5.22426,0.01395,0.00275,0.08333,0.00355,0.00102,2.25836,16.9122,0.02243,0.000901,0.000901,0.000901
10,571.437,1.98297,4.87925,0.01391,0.00275,0.08333,0.00355,0.00102,2.25836,16.9122,0.02243,0.000888625,0.000888625,0.000888625
11,622.983,1.98196,4.86692,0.01617,0.00243,0.25,0.01252,0.00595,2.45388,8.80504,0.02434,0.00087625,0.00087625,0.00087625
12,678.327,1.89184,4.76142,0.01403,0.00243,0.25,0.01252,0.00595,2.45388,8.80504,0.02434,0.000863875,0.000863875,0.000863875
13,737.587,1.88444,4.66564,0.01439,0.00243,0.25,0.01252,0.00595,2.45388,8.80504,0.02434,0.0008515,0.0008515,0.0008515
14,786.596,1.84956,4.79737,0.0145,0.00183,0.25,0.01125,0.00448,2.30405,8.94505,0.02475,0.000839125,0.000839125,0.000839125
15,830.566,1.97439,4.37622,0.01256,0.00183,0.25,0.01125,0.00448,2.30405,8.94505,0.02475,0.00082675,0.00082675,0.00082675
16,874.678,2.05486,4.50786,0.01398,0.00247,0.33333,0.00388,0.00117,2.35191,8.34196,0.024,0.000814375,0.000814375,0.000814375
17,919.31,1.86578,4.20274,0.01361,0.00247,0.33333,0.00388,0.00117,2.35191,8.34196,0.024,0.000802,0.000802,0.000802
18,979.924,1.82368,4.43399,0.01214,0.00247,0.33333,0.00388,0.00117,2.35191,8.34196,0.024,0.000789625,0.000789625,0.000789625
19,1022.34,1.64378,4.00049,0.01097,0.00485,0.33333,0.00798,0.00159,2.7588,8.12741,0.02609,0.00077725,0.00077725,0.00077725
20,1064.66,1.74998,4.23797,0.01188,0.00485,0.33333,0.00798,0.00159,2.7588,8.12741,0.02609,0.000764875,0.000764875,0.000764875
21,1114.47,1.80982,3.86953,0.01363,0.00656,0.41667,0.0121,0.00274,2.35005,8.33273,0.02677,0.0007525,0.0007525,0.0007525
22,1173.33,1.86485,4.15522,0.01473,0.00656,0.41667,0.0121,0.00274,2.35005,8.33273,0.02677,0.000740125,0.000740125,0.000740125
23,1232.5,1.83747,3.90887,0.0116,0.00656,0.41667,0.0121,0.00274,2.35005,8.33273,0.02677,0.00072775,0.00072775,0.00072775
24,1281.08,1.63689,3.47307,0.01174,0.82046,0.08333,0.04338,0.00898,2.00995,7.38773,0.02065,0.000715375,0.000715375,0.000715375
25,1328.15,1.77168,3.71702,0.01198,0.82046,0.08333,0.04338,0.00898,2.00995,7.38773,0.02065,0.000703,0.000703,0.000703
26,1373.06,1.85067,3.39322,0.0139,0.71768,0.08333,0.01882,0.00692,2.20979,7.3531,0.02414,0.000690625,0.000690625,0.000690625
27,1415.89,1.79002,3.60601,0.0147,0.71768,0.08333,0.01882,0.00692,2.20979,7.3531,0.02414,0.00067825,0.00067825,0.00067825
28,1459.88,1.65144,3.28388,0.01118,0.71768,0.08333,0.01882,0.00692,2.20979,7.3531,0.02414,0.000665875,0.000665875,0.000665875
29,1502.63,1.79119,3.41969,0.01308,0.00375,0.25,0.01011,0.00325,2.32213,6.70221,0.02279,0.0006535,0.0006535,0.0006535
30,1544.62,1.74459,3.07006,0.01122,0.00375,0.25,0.01011,0.00325,2.32213,6.70221,0.02279,0.000641125,0.000641125,0.000641125
31,1585.31,1.79677,3.2208,0.01179,0.00924,0.33333,0.02397,0.00993,2.33711,6.88397,0.02405,0.00062875,0.00062875,0.00062875
32,1627.86,1.7501,3.29246,0.01235,0.00924,0.33333,0.02397,0.00993,2.33711,6.88397,0.02405,0.000616375,0.000616375,0.000616375
33,1670.32,1.72772,3.49091,0.01399,0.00924,0.33333,0.02397,0.00993,2.33711,6.88397,0.02405,0.000604,0.000604,0.000604
34,1712.83,1.7053,3.04848,0.01218,0.07769,0.08333,0.0311,0.01273,2.08931,8.57794,0.02065,0.000591625,0.000591625,0.000591625
35,1755.68,1.55551,3.20763,0.01106,0.07769,0.08333,0.0311,0.01273,2.08931,8.57794,0.02065,0.00057925,0.00057925,0.00057925
36,1798.45,1.73428,3.11639,0.01189,0.15015,0.08333,0.0842,0.03344,2.36188,11.7329,0.01965,0.000566875,0.000566875,0.000566875
37,1841.05,1.70309,2.87603,0.01078,0.15015,0.08333,0.0842,0.03344,2.36188,11.7329,0.01965,0.0005545,0.0005545,0.0005545
38,1883.51,1.74991,2.80626,0.012,0.15015,0.08333,0.0842,0.03344,2.36188,11.7329,0.01965,0.000542125,0.000542125,0.000542125
39,1926.21,1.80838,2.88754,0.01389,0.4388,0.08333,0.03054,0.0147,2.60351,11.3837,0.02639,0.00052975,0.00052975,0.00052975
40,1966.32,1.63623,2.65826,0.0121,0.4388,0.08333,0.03054,0.0147,2.60351,11.3837,0.02639,0.000517375,0.000517375,0.000517375
41,2007.16,1.84523,3.00462,0.01627,0.48501,0.08333,0.09103,0.05041,2.69167,7.51429,0.03059,0.000505,0.000505,0.000505
42,2049.68,1.93244,2.57165,0.01189,0.48501,0.08333,0.09103,0.05041,2.69167,7.51429,0.03059,0.000492625,0.000492625,0.000492625
43,2092.04,1.59574,2.50737,0.01079,0.48501,0.08333,0.09103,0.05041,2.69167,7.51429,0.03059,0.00048025,0.00048025,0.00048025
44,2134.66,1.65436,2.52743,0.01043,0.93297,0.08333,0.10457,0.04603,3.04695,6.31809,0.03621,0.000467875,0.000467875,0.000467875
45,2175.12,1.56785,2.53205,0.01029,0.93297,0.08333,0.10457,0.04603,3.04695,6.31809,0.03621,0.0004555,0.0004555,0.0004555
46,2215.38,1.61725,2.75909,0.01379,0.89608,0.08333,0.16384,0.04922,2.65181,6.49419,0.03541,0.000443125,0.000443125,0.000443125
47,2255.66,1.74205,2.44128,0.01081,0.89608,0.08333,0.16384,0.04922,2.65181,6.49419,0.03541,0.00043075,0.00043075,0.00043075
48,2295.9,1.60814,2.59136,0.01259,0.89608,0.08333,0.16384,0.04922,2.65181,6.49419,0.03541,0.000418375,0.000418375,0.000418375
49,2336.46,1.57502,2.4969,0.01157,0.87205,0.08333,0.1225,0.04496,2.51597,6.14926,0.02926,0.000406,0.000406,0.000406
50,2377.53,1.66672,2.33084,0.00974,0.87205,0.08333,0.1225,0.04496,2.51597,6.14926,0.02926,0.000393625,0.000393625,0.000393625
51,2418.36,1.63607,2.75682,0.01283,0.84355,0.08333,0.10924,0.03551,2.05369,6.45103,0.02061,0.00038125,0.00038125,0.00038125
52,2458.91,1.63772,2.30482,0.01161,0.84355,0.08333,0.10924,0.03551,2.05369,6.45103,0.02061,0.000368875,0.000368875,0.000368875
53,2499.63,1.52662,2.51455,0.01077,0.84355,0.08333,0.10924,0.03551,2.05369,6.45103,0.02061,0.0003565,0.0003565,0.0003565
54,2541.7,1.80489,2.33224,0.01372,0.81311,0.08333,0.05483,0.01777,2.02911,6.23888,0.02092,0.000344125,0.000344125,0.000344125
55,2585.32,1.64939,2.57064,0.01273,0.81311,0.08333,0.05483,0.01777,2.02911,6.23888,0.02092,0.00033175,0.00033175,0.00033175
56,2629.35,1.62006,2.06172,0.01048,0.81889,0.08333,0.06265,0.01704,1.70387,6.27768,0.01839,0.000319375,0.000319375,0.000319375
57,2685.1,1.68699,2.36323,0.0108,0.81889,0.08333,0.06265,0.01704,1.70387,6.27768,0.01839,0.000307,0.000307,0.000307
58,2728.43,1.55957,2.12773,0.01207,0.81889,0.08333,0.06265,0.01704,1.70387,6.27768,0.01839,0.000294625,0.000294625,0.000294625
59,2771.27,1.59149,1.95886,0.0096,0.42722,0.09599,0.15083,0.02665,2.17777,5.72104,0.02287,0.00028225,0.00028225,0.00028225
60,2812.95,1.60453,2.32906,0.01112,0.42722,0.09599,0.15083,0.02665,2.17777,5.72104,0.02287,0.000269875,0.000269875,0.000269875
61,2855.22,1.56354,2.11723,0.01126,0.59251,0.25,0.18153,0.03482,2.28741,5.54812,0.02436,0.0002575,0.0002575,0.0002575
62,2897.76,1.42947,1.8864,0.01004,0.59251,0.25,0.18153,0.03482,2.28741,5.54812,0.02436,0.000245125,0.000245125,0.000245125
63,2941.81,1.60299,2.05518,0.01125,0.59251,0.25,0.18153,0.03482,2.28741,5.54812,0.02436,0.00023275,0.00023275,0.00023275
64,2988.77,1.55239,2.1328,0.01246,0.75577,0.23111,0.21298,0.03644,2.33951,5.50802,0.02518,0.000220375,0.000220375,0.000220375
65,3034.44,1.5924,1.95676,0.01105,0.75577,0.23111,0.21298,0.03644,2.33951,5.50802,0.02518,0.000208,0.000208,0.000208
66,3076.06,1.47258,2.05985,0.01113,0.54346,0.25,0.2267,0.06427,2.30095,5.47913,0.02427,0.000195625,0.000195625,0.000195625
67,3121.14,1.57187,2.03511,0.01094,0.54346,0.25,0.2267,0.06427,2.30095,5.47913,0.02427,0.00018325,0.00018325,0.00018325
68,3166.95,1.64044,2.10979,0.01355,0.54346,0.25,0.2267,0.06427,2.30095,5.47913,0.02427,0.000170875,0.000170875,0.000170875
69,3211.25,1.62666,1.89742,0.01045,0.55621,0.25,0.22603,0.06769,2.37861,5.52994,0.02569,0.0001585,0.0001585,0.0001585
70,3256.37,1.47822,1.73994,0.0105,0.55621,0.25,0.22603,0.06769,2.37861,5.52994,0.02569,0.000146125,0.000146125,0.000146125
71,3300.23,1.39462,1.9029,0.01067,0.58364,0.25,0.22603,0.07589,2.34542,5.59977,0.02611,0.00013375,0.00013375,0.00013375
72,3344.37,1.50386,1.97036,0.01158,0.58364,0.25,0.22603,0.07589,2.34542,5.59977,0.02611,0.000121375,0.000121375,0.000121375
73,3388.22,1.49994,1.72673,0.01203,0.58364,0.25,0.22603,0.07589,2.34542,5.59977,0.02611,0.000109,0.000109,0.000109
74,3432.4,1.48809,1.98058,0.01002,0.58421,0.25,0.22976,0.07676,2.38028,5.50866,0.02583,9.6625e-05,9.6625e-05,9.6625e-05
75,3477.49,1.47178,2.0177,0.01074,0.58421,0.25,0.22976,0.07676,2.38028,5.50866,0.02583,8.425e-05,8.425e-05,8.425e-05
76,3521.55,1.53993,1.85276,0.01091,0.61413,0.25,0.19121,0.04804,2.61123,5.29899,0.02762,7.1875e-05,7.1875e-05,7.1875e-05
77,3563.6,1.50656,1.89976,0.01246,0.61413,0.25,0.19121,0.04804,2.61123,5.29899,0.02762,5.95e-05,5.95e-05,5.95e-05
78,3606.2,1.46213,1.73518,0.01198,0.61413,0.25,0.19121,0.04804,2.61123,5.29899,0.02762,4.7125e-05,4.7125e-05,4.7125e-05
79,3648.65,1.53294,1.78017,0.01077,0.56557,0.25,0.23079,0.07706,2.60629,5.34048,0.02774,3.475e-05,3.475e-05,3.475e-05
80,3691.69,1.58952,1.78057,0.01302,0.56557,0.25,0.23079,0.07706,2.60629,5.34048,0.02774,2.2375e-05,2.2375e-05,2.2375e-05
