filename,page,candidate_classes,review_status,notes
p002_img01_009ed874.jpg,2,,pendente,
p003_img01_abec366e.jpg,3,,pendente,
p004_img01_08772654.jpg,4,,pendente,
p004_img02_68a5aa9e.jpg,4,,pendente,
p005_img01_80528144.jpg,5,,pendente,
p006_img01_f55d62a3.jpg,6,,pendente,
p006_img02_9227be4e.jpg,6,,pendente,
p007_img01_88b54f26.jpg,7,,pendente,
p008_img01_d12131dd.jpg,8,,pendente,
p008_img02_68b395f0.jpg,8,,pendente,
p010_img01_beebf15c.jpg,10,,pendente,
p010_img02_e59d7081.jpg,10,,pendente,
p011_img01_4704f37d.jpg,11,,pendente,
p011_img02_9ab86531.jpg,11,,pendente,
p012_img01_36ef7a9c.jpg,12,,pendente,
p012_img02_2ff55c50.jpg,12,,pendente,
p013_img01_4c5cb262.jpg,13,,pendente,
p014_img01_57321a0d.jpg,14,,pendente,
p014_img02_985fdab5.jpg,14,,pendente,
p015_img01_a498d247.jpg,15,,pendente,
p015_img02_985fdab5.jpg,15,,pendente,
p016_img01_0315a58d.jpg,16,,pendente,
p017_img01_4c5cb262.jpg,17,,pendente,
p018_img01_a498d247.jpg,18,,pendente,
p019_img01_1b9f5c82.jpg,19,,pendente,
p019_img02_4c5cb262.jpg,19,,pendente,
p020_img01_0315a58d.jpg,20,,pendente,
p021_img01_814749e3.jpg,21,,pendente,
p021_img02_3aa2001d.jpg,21,,pendente,
p022_img01_1dc91db4.jpg,22,,pendente,
p022_img02_d86cc412.jpg,22,,pendente,
p023_img01_7b8b0c03.jpg,23,,pendente,
p023_img02_4704f37d.jpg,23,,pendente,
p024_img01_23074d75.jpg,24,,pendente,
p024_img02_bca8f6e0.jpg,24,,pendente,
p025_img01_1b9f5c82.jpg,25,,pendente,
p026_img01_d7dcb606.jpg,26,,pendente,
p027_img01_399d7cea.jpg,27,,pendente,
p028_img01_f5b9ef7d.jpg,28,,pendente,
p029_img01_a498d247.jpg,29,,pendente,
p030_img01_50f69e0c.jpg,30,,pendente,
p030_img02_73218070.jpg,30,,pendente,
p031_img01_a64803da.jpg,31,,pendente,
p033_img01_32a3cd23.jpg,33,,pendente,
p033_img02_0f729b3e.jpg,33,,pendente,
p034_img01_88b54f26.jpg,34,,pendente,
p035_img01_73eefa51.jpg,35,,pendente,
p035_img02_7b8b0c03.jpg,35,,pendente,
