image_sha256,filename,pages,triage_status,proposed_boxes,visual_review_status,technical_status,notes,second_review_notes
009ed874804749c2747dcabde4c38bc2aa3a1a3575cb501b5ede6789d9af1dbb,p002_img01_009ed874.jpg,2,ambiguous,0,prior_taxonomy_ai_review,pending_human_review,"Imagem inteira inspecionada. Vista geral: diferenças de cor e pontos claros podem ser substituições/reparos ou textura, mas a resolução não permite delimitar ocorrência ativa com segurança. Não usar como negativo. Fonte: imagem incorporada ao laudo CEASA; páginas no campo pages. Proposta visual Codex; revisão técnica/humana pendente, sem aprovação para treinamento.","Segunda leitura independente de original, overlay e regiões ampliadas quando necessário. Vista geral conferida integralmente: mantenho ausência de caixas, pois pontos claros e espaços nas fiadas não oferecem detalhe para rótulos confiáveis. A imagem não é negativa; diferenças de cor não provam reparo. Decisão visual de IA, sem aprovação técnica/humana e sem autorização de uso no treino."
abec366e27c1f5809636c55e9b037bd77134936456ff748e7b1c6852b5a48bb5,p003_img01_abec366e.jpg,3,ambiguous,0,prior_taxonomy_ai_review,pending_human_review,"Imagem inteira e junção superior ampliada. A telha solta/sobreposta é identificável, mas sobreposição sem travamento pertence à fase 2. Canal sombreado e elemento parcialmente oculto impedem descartar resíduos com segurança; nenhum positivo ativo confirmado. Não usar como negativo. Fonte: imagem incorporada ao laudo CEASA; páginas no campo pages. Proposta visual Codex; revisão técnica/humana pendente, sem aprovação para treinamento.","Segunda leitura independente de original, overlay e regiões ampliadas quando necessário. Sobreposição visível pertence à fase 2. A peça na junção e o canal estão parcialmente ocultos/sombreados; nenhuma ausência ou quebra do MVP foi inferida apenas da abertura. Mantenho sem caixas. Decisão visual de IA, sem aprovação técnica/humana e sem autorização de uso no treino."
08772654ea11f2c6d0c3184748a7fffc3525cac35d7042656818500db18458be,p004_img01_08772654.jpg,4,positive,1,prior_taxonomy_ai_review,pending_human_review,"Imagem inteira inspecionada e ponta esquerda ampliada. Marcadores metálicos não são resíduos. As demais ondas/sombras são juntas de contexto, não ausências. Fonte: imagem incorporada ao laudo CEASA; páginas no campo pages. Proposta visual Codex; revisão técnica/humana pendente, sem aprovação para treinamento.","Segunda leitura independente de original, overlay e regiões ampliadas quando necessário. A ampliação confirma ruptura na ponta da onda da telha instalada. Mantenho a caixa de classe 0. A borda do elemento transversal imediatamente acima não permite atribuir outra quebra com segurança. Suportes metálicos e sombras não são resíduos. Decisão visual de IA, sem aprovação técnica/humana e sem autorização de uso no treino."
68a5aa9ef07b199298b238f1f81a0b54de86bd771b10d99f151459cea880426d,p004_img02_68a5aa9e.jpg,4,positive,2,prior_taxonomy_ai_review,pending_human_review,"Imagem inteira inspecionada. Anotadas apenas faixas de intervenção claras; telhas de cor mais clara não foram automaticamente classificadas como reparo. Elementos menores distantes permanecem inconclusivos. Fonte: imagem incorporada ao laudo CEASA; páginas no campo pages. Proposta visual Codex; revisão técnica/humana pendente, sem aprovação para treinamento.","Segunda leitura independente de original, overlay e regiões ampliadas quando necessário. Conferidas as duas faixas claras de intervenção e seus limites até a borda inferior. Mantenho caixas de classe 3. Painéis mais claros e pontos pequenos distantes não foram rotulados automaticamente. Decisão visual de IA, sem aprovação técnica/humana e sem autorização de uso no treino."
8052814489da66c77231ff5ffccbee3236719d83408ce298d31fe13f7132aee4,p005_img01_80528144.jpg,5,ambiguous,7,prior_taxonomy_ai_review,pending_human_review,"Imagem inteira inspecionada e fraturas inferiores ampliadas. O vão horizontal entre fiadas foi tratado como canal da calha, não como telha ausente. Partes de pilha sobre o capeamento lateral não foram atribuídas automaticamente à calha. Fonte: imagem incorporada ao laudo CEASA; páginas no campo pages. Proposta visual Codex; revisão técnica/humana pendente, sem aprovação para treinamento.","Segunda leitura independente de original, overlay e regiões ampliadas quando necessário. Confirmo fratura irregular à esquerda e resíduos superiores; acrescento o fragmento grande claro sobre a telha inferior, distinto de quebra no elemento instalado. Reduzo a caixa de resíduos da calha para evitar material sobre o capeamento lateral. A abertura longitudinal junto ao fixador permanece candidata a ruptura, mas sua borda relativamente reta exige distinguir quebra de junção aberta; anotação completa ainda pendente. Não infiro rufo ausente apenas do canal. Decisão visual de IA, sem aprovação técnica/humana e sem autorização de uso no treino."
f55d62a3174c6ebb620fca7ebb863ac08893e9c1c2b8c7e20b8d5bd7fd139e99,p006_img01_f55d62a3.jpg,6,positive,1,prior_taxonomy_ai_review,pending_human_review,"Imagem inteira e lacuna lateral ampliadas. Não foram rotulados os outros espaços escuros das juntas como ausências. A caixa proposta depende da confirmação técnica de que a abertura não é prevista. Fonte: imagem incorporada ao laudo CEASA; páginas no campo pages. Proposta visual Codex; revisão técnica/humana pendente, sem aprovação para treinamento.","Segunda leitura independente de original, overlay e regiões ampliadas quando necessário. Ampliação lateral confirma lacuna delimitável e estrutura exposta entre fiadas onde o painel vizinho oferece contexto. Mantenho a caixa de classe 1; a aprovação técnica deverá confirmar uso previsto da abertura. Outros espaços escuros da vista geral não foram anotados como ausência. Decisão visual de IA, sem aprovação técnica/humana e sem autorização de uso no treino."
9227be4e4aff0671548aff993d70008b62a2c51bccd68f1a30f267cceba3bea7,p006_img02_9227be4e.jpg,6,positive,6,prior_taxonomy_ai_review,pending_human_review,"Imagem inteira inspecionada; perímetro claro do remendo ampliado. A definição técnica de ausência ao lado direito permanece pendente; os fragmentos soltos foram separados da telha instalada. Fonte: imagem incorporada ao laudo CEASA; páginas no campo pages. Proposta visual Codex; revisão técnica/humana pendente, sem aprovação para treinamento.","Segunda leitura independente de original, overlay e regiões ampliadas quando necessário. Confirmo as seis caixas: lacuna de telha, remendo com perímetro branco, dois grupos de fragmentos sobre telha, resíduos e ramos na calha. Não transformo fragmentos soltos em telha quebrada. A pilha à direita cruza o capeamento; sua extensão lateral e a expectativa técnica da lacuna precisam da aprovação humana. Não acrescento rufo ausente sem geometria suficiente. Decisão visual de IA, sem aprovação técnica/humana e sem autorização de uso no treino."
88b54f26e06a9b1505ee0804e82ffe0d78f490183db9f2707203c3760c2d0dc5,p007_img01_88b54f26.jpg,7;34,ambiguous,6,prior_taxonomy_ai_review,pending_human_review,"Imagem inteira e resíduos ampliados. Não foi rotulada vegetação porque os resíduos estão sobre telhas. A vedação escura em torno da chaminé não confirma reparo posterior sem informação adicional; nenhuma ausência de telha foi deduzida de sombras. Fonte: imagem incorporada ao laudo CEASA; páginas no campo pages. Proposta visual Codex; revisão técnica/humana pendente, sem aprovação para treinamento.","Segunda leitura independente de original, overlay e regiões ampliadas quando necessário. Conferidos os seis acúmulos/fragmentos sobre telha. O fragmento claro pequeno à direita tem sombra e aparência solta, portanto mantenho classe 2. A peça grande sobreposta na parte inferior e a pequena área azul à esquerda podem ser intervenção, fragmento ou mancha; não acrescento reparo sem esclarecer aderência. Chaminé, cabo e sombra não são ausência de telha. A imagem segue incompleta para treinamento até adjudicar essas regiões. Decisão visual de IA, sem aprovação técnica/humana e sem autorização de uso no treino."
d12131ddee51d3d84ab6bbf5b8f54abdad769800215b5d068e5e8d22b73265cc,p008_img01_d12131dd.jpg,8,ambiguous,8,prior_taxonomy_ai_review,pending_human_review,"Imagem inteira e lado direito ampliados. Região muito clara entre ondas à direita permanece ambígua entre intervenção, borda exposta e contraste; não foi anotada como reparo. Algumas pilhas podem encobrir quebra subjacente; não se criaram caixas ocultas. Fonte: imagem incorporada ao laudo CEASA; páginas no campo pages. Proposta visual Codex; revisão técnica/humana pendente, sem aprovação para treinamento.","Segunda leitura independente de original, overlay e regiões ampliadas quando necessário. Confirmo as caixas de fragmentos e a ruptura do rufo. As duas rupturas superiores delimitam corpos instalados visíveis, sem rotular pilhas ocultantes como telha quebrada. A região muito branca sobre a telha direita permanece inconclusiva entre reparo, fratura exposta e contraste; não acrescento classe 3. Status ambíguo porque há região candidata sem classe resolvida. Decisão visual de IA, sem aprovação técnica/humana e sem autorização de uso no treino."
68b395f07b3c64efec2bd9c20c917dfb715130797e5f9187738dca2d6a0a21eb,p008_img02_68b395f0.jpg,8,ambiguous,6,prior_taxonomy_ai_review,pending_human_review,"Imagem inteira e vale direito ampliados. O marcador metálico e sua sombra não foram anotados. A junção longitudinal reta superior não foi automaticamente tratada como quebra; caixa cobre a região irregular inferior. Fonte: imagem incorporada ao laudo CEASA; páginas no campo pages. Proposta visual Codex; revisão técnica/humana pendente, sem aprovação para treinamento.","Segunda leitura independente de original, overlay e regiões ampliadas quando necessário. Confirmo a fratura longitudinal esquerda e os pequenos resíduos do vale e borda inferior. A classe 0 da caixa direita inferior permanece candidata: a ampliação mostra uma aba/segmento que também pode ser fragmento solto sobre painel contínuo. Não aprovo essa caixa como ruptura instalada nem atribuo simultaneamente classe 2 ao mesmo segmento; a distinção exige revisão técnica. Decisão visual de IA, sem aprovação técnica/humana e sem autorização de uso no treino."
beebf15ccef412efa39902b3fb0753c5aabf2c0423d26937efedf14027a8d11d,p010_img01_beebf15c.jpg,10,positive,1,prior_taxonomy_ai_review,pending_human_review,"Imagem inteira inspecionada. A peça clara fora da cobertura, na via, está fora das classes de resíduos em telha/calha; não há caixa para ela. Fonte: imagem incorporada ao laudo CEASA; páginas no campo pages. Proposta visual Codex; revisão técnica/humana pendente, sem aprovação para treinamento.","Segunda leitura independente de original, overlay e regiões ampliadas quando necessário. Mantenho a caixa do remendo escuro com perímetro de material claro. Conferência integral não revelou outras ocorrências ativas claras. O material na via está fora de telha/calha; suporte e sua sombra não recebem rótulo. Decisão visual de IA, sem aprovação técnica/humana e sem autorização de uso no treino."
e59d70812f26fd7a93d9d7020983643e74855ab66410883fedba2ae0646a8b52,p010_img02_e59d7081.jpg,10,positive,1,prior_taxonomy_ai_review,pending_human_review,"Imagem inteira inspecionada. A faixa superior sombreada é encontro de telhas, não evidência de ausência. Fonte: imagem incorporada ao laudo CEASA; páginas no campo pages. Proposta visual Codex; revisão técnica/humana pendente, sem aprovação para treinamento.","Segunda leitura independente de original, overlay e regiões ampliadas quando necessário. Mantenho a caixa que engloba peça retangular, selante claro e intervenção escura contígua. Não infiro dano subjacente ou inadequação da execução. Faixa superior de encontro/sombra não é ausência. Decisão visual de IA, sem aprovação técnica/humana e sem autorização de uso no treino."
4704f37da1bfe6741cf1cd51e1c0856fa0525abeddb9d7a77649393718c8ac26,p011_img01_4704f37d.jpg,11;23,ambiguous,3,prior_taxonomy_ai_review,pending_human_review,"Imagem inteira inspecionada. Telhas centrais mais claras não foram classificadas como reparo apenas pela cor. A junta reta de rufo no centro/esquerda não foi marcada como quebra. Fonte: imagem incorporada ao laudo CEASA; páginas no campo pages. Proposta visual Codex; revisão técnica/humana pendente, sem aprovação para treinamento.","Segunda leitura independente de original, overlay e regiões ampliadas quando necessário. Confirmo reparo longitudinal de telha e duas rupturas do rufo superior. A extensa região inferior central sem faixa semelhante às laterais é candidata a rufo ausente, mas existe outra peça clara na junção e a geometria foi alterada; não acrescento caixa de classe 4 sem confirmar qual detalhe deveria estar presente. Telhas claras isoladamente não viram reparo. Mantenho as três caixas claras e status ambíguo pela região candidata omitida. Decisão visual de IA, sem aprovação técnica/humana e sem autorização de uso no treino."
9ab86531dec3f81564cc1d51bc5d534cd10d156f60af7ca55c592f5ff5b3b802,p011_img02_9ab86531.jpg,11,ambiguous,5,prior_taxonomy_ai_review,pending_human_review,"Imagem inteira e borda inferior ampliadas. Duas abas cinzas na borda inferior são ambíguas entre remendo, fragmento solto e ponta de telha quebrada; permanecem sem classe até revisão técnica, portanto não há anotação completa aprovada. Fonte: imagem incorporada ao laudo CEASA; páginas no campo pages. Proposta visual Codex; revisão técnica/humana pendente, sem aprovação para treinamento.","Segunda leitura independente de original, overlay e regiões ampliadas quando necessário. Confirmo cinco intervenções claras de classe 3 após inspeção das bordas. A ampliação mantém indefinidas duas abas cinzas na borda inferior entre fragmento, remendo e telha quebrada; não invento classes para elas. Pequeno fragmento/haste no centro é candidato a objeto estranho da fase 2. Como há regiões ativas possivelmente omitidas, a imagem não está completa para treinamento. Decisão visual de IA, sem aprovação técnica/humana e sem autorização de uso no treino."
36ef7a9ce5bd317bbd359ae04e5fb48b671a00b681a82e822a91c284a3c2434a,p012_img01_36ef7a9c.jpg,12,positive,1,prior_taxonomy_ai_review,pending_human_review,"Imagem inteira inspecionada. Marcador horizontal e sombra não foram anotados; manchas pontuais não foram confundidas com detritos. Fonte: imagem incorporada ao laudo CEASA; páginas no campo pages. Proposta visual Codex; revisão técnica/humana pendente, sem aprovação para treinamento.","Segunda leitura independente de original, overlay e regiões ampliadas quando necessário. Mantenho caixa do remendo com perímetro claro. A imagem inteira não sustenta outras classes ativas; manchas, fixadores, suporte e sombra permanecem fora das caixas. Não inferir qualidade técnica do remendo. Decisão visual de IA, sem aprovação técnica/humana e sem autorização de uso no treino."
2ff55c50b1e0a6786404a911e2634bff041762ddd98d0d6f86f83be8061c517b,p012_img02_2ff55c50.jpg,12,positive,3,prior_taxonomy_ai_review,pending_human_review,"Imagem inteira inspecionada. Faixas grandes são visualmente delimitáveis, mas detalhes menores da vista geral são insuficientes; não anotar somente pela legenda. Abertura inferior precisa da confirmação técnica de uso previsto. Fonte: imagem incorporada ao laudo CEASA; páginas no campo pages. Proposta visual Codex; revisão técnica/humana pendente, sem aprovação para treinamento.","Segunda leitura independente de original, overlay e regiões ampliadas quando necessário. Mantenho duas faixas de reparo seguindo a perspectiva e a lacuna inferior esquerda com estrutura exposta. A lacuna sai da imagem; delimitação e uso previsto exigem confirmação técnica antes de aprovação. Outros detalhes distantes não oferecem caixa confiável. Decisão visual de IA, sem aprovação técnica/humana e sem autorização de uso no treino."
4c5cb2622f40cf26657de0a09a453ae41aee6b41f611fd4a67f7b6cd4c037dd1,p013_img01_4c5cb262.jpg,13;17;19,positive,3,prior_taxonomy_ai_review,pending_human_review,"Imagem inteira e região direita ampliadas. Peças sobrepostas foram tratadas como intervenção visual, não como prova de inadequação. Pequenas manchas e grãos junto ao elemento lateral não têm definição suficiente para caixa de resíduos confiável. Fonte: imagem incorporada ao laudo CEASA; páginas no campo pages. Proposta visual Codex; revisão técnica/humana pendente, sem aprovação para treinamento.","Segunda leitura independente de original, overlay e regiões ampliadas quando necessário. Confirmo três remendos longitudinais. Amplio a caixa inferior à margem esquerda, pois o contorno preto continua até a borda e a peça/intervenção segue truncada. Pequenas manchas e grãos junto ao perímetro não sustentam resíduos adicionais; não inferir estanqueidade, falha ou gravidade. Decisão visual de IA, sem aprovação técnica/humana e sem autorização de uso no treino."
57321a0dfb9ae889ee64d983d2f8422f0075b12ab082934792f0e43d35272a48,p014_img01_57321a0d.jpg,14,ambiguous,0,prior_taxonomy_ai_review,pending_human_review,"Revisão integral: telhas, juntas e fixadores visíveis; sem ocorrência delimitável das oito classes ativas. Pontos de fixação são assunto da fase 2, e esta foto não comprova aperto/estanqueidade. Negativo visual proposto, sem aprovação humana.",Segunda leitura independente da imagem integral: confirmo negativa proposta para as classes 0–7. Juntas verticais e pontos pequenos de fixação não são rupturas delimitáveis; envelhecimento superficial não constitui acúmulo de resíduos. A negativa não certifica conformidade nem o estado dos fixadores. Esta é segunda revisão por IA; não constitui aprovação humana explícita nem autorização para treinar.
985fdab586b64fa0344bdb3d840e2552524d5405e354617938f22443def526e9,p014_img02_985fdab5.jpg,14;15,ambiguous,5,prior_taxonomy_ai_review,pending_human_review,"Há remendos, acúmulos sobre telha e lacuna candidata de rufo. A classificação da lacuna e dos pequenos remendos próximos a fixadores requer adjudicação; nenhuma caixa é aprovada para treino. O canal preto entre bordas não é prova isolada de ausência.","Segunda leitura independente: mantenho ambígua. Os dois remendos azulados são visíveis, mas falta decidir se a intervenção é exclusiva dos fixadores (fase2) ou reparo de telha. Os dois pequenos acúmulos elevados à direita existem, embora depósito solto versus incrustação precise de revisão. O rufo superior termina em x≈629; a falta de faixa à esquerda exige confirmação técnica de continuidade esperada. A faixa escura entre bordas não é telha ausente. Esta é segunda revisão por IA; não constitui aprovação humana explícita nem autorização para treinar."
a498d247ae429d0d23701b29a148958e86a3dad6f7e7e01b5186e05c06949a3a,p015_img01_a498d247.jpg,15;18;29,positive,2,prior_taxonomy_ai_review,pending_human_review,"Revisão integral: perda de material dos rufos superior e inferior junto a equipamentos/cabos. Fixadores, aplicação localizada de material branco e instalação elétrica são itens fora do MVP. Cabos parcialmente ocultam a borda. Não classificar o canal escuro como telha ausente.","Segunda leitura independente: confirmo perdas irregulares nos rufos instalados superior e inferior. Corrigi a caixa inferior de [77,392,731,500] para [241,392,731,500], retirando grande faixa íntegra à esquerda e preservando o canto rompido e a área com perda de faixa. Material branco em fixadores e a passagem de tubulação/fiação são fase2; não foram rotulados reparo_telha. O canal escuro não é ausência de telha. Esta é segunda revisão por IA; não constitui aprovação humana explícita nem autorização para treinar."
0315a58d3dd318107b1cf55b387a7fdfe7c6a7df9e36faebd862f7dcd2e15c69,p016_img01_0315a58d.jpg,16;20,positive,1,prior_taxonomy_ai_review,pending_human_review,"A foto reaparece na página 20. A proposta de rufo ausente usa a borda exposta e o contexto visível, e não o título da página. Há fixadores pequenos cuja ausência/corrosão pertence à fase 2; sem atribuição de severidade.","Segunda leitura independente: borda superior da cobertura termina sem a faixa de rufo correspondente às junções documentadas. Confirmo a caixa candidata de rufo_ausente, condicionada à expectativa técnica do elemento já registrada no laudo e à revisão humana. A faixa metálica distante com oxidação e o fundo dos equipamentos não devem ser incluídos como defeito de telha. Não há outra classe ativa inequívoca. Esta é segunda revisão por IA; não constitui aprovação humana explícita nem autorização para treinar."
1b9f5c82a8ae7d21572b1ede62c904d0d0050c5683c5f7cb916992774950bc49,p019_img01_1b9f5c82.jpg,19;25,positive,2,prior_taxonomy_ai_review,pending_human_review,"Fixadores ausentes ou degradados são candidatos fora do MVP. O sulco escuro da telha no centro inferior pode ser textura/mancha ou depósito; não foi anotado como resíduo sem evidência suficiente. Trecho superior direito sem faixa pode ser outra ausência, mas a borda e a geometria não permitem delimitar com confiança nesta vista.",Segunda leitura independente: confirmo duas perdas com bordas irregulares no rufo inferior; a direita está cortada pelo limite da imagem. O sulco escuro da telha é textura/deposito de tipo não resolvido e não fornece positivo inequívoco de resíduo solto. A terminação superior à direita não foi rotulada automaticamente como ausência. Fixadores são fase2. Esta é segunda revisão por IA; não constitui aprovação humana explícita nem autorização para treinar.
814749e34f1e79fbaf554ffa613901e29147e5e6a088222fd54b6545dc714a3b,p021_img01_814749e3.jpg,21,positive,2,prior_taxonomy_ai_review,pending_human_review,Sem rotular telha ausente: a abertura lateral é a calha/perímetro e está fora do corpo da cobertura. O rufo quebrado permanece parcialmente instalado. Variações de cor na telha não foram tratadas como resíduos.,"Segunda leitura independente: confirmo duas rupturas do rufo lateral instalado: fissura/perda junto à extremidade superior e ruptura ampla no trecho central. A abertura escura ao lado é canal/perímetro, não lacuna de telha. A linha transversal regular entre as telhas é junta; não acrescentei telha_quebrada ou telha_ausente. Esta é segunda revisão por IA; não constitui aprovação humana explícita nem autorização para treinar."
3aa2001d038ca9fef5d597345cc776ec5bf3a6967a2601cda511fe0d58150351,p021_img02_3aa2001d.jpg,21,positive,2,prior_taxonomy_ai_review,pending_human_review,"A linha oblíqua no rufo superior é uma junta entre peças, não foi tratada como quebra. Pequeno objeto claro na telha em x≈635/y≈409 é candidato a objeto estranho da fase 2, sem tipo/material confirmado. Sulcos escuros podem ser mancha/textura.","Segunda leitura independente: confirmo duas regiões de rufo inferior rompido, incluindo o remanescente adjacente no primeiro intervalo. A linha oblíqua do rufo superior é junta entre peças; não há perda inequívoca nela. O pequeno objeto claro no sulco da telha é item fora da taxonomia ativa, sem tipo confirmado; não foi convertido automaticamente em resíduo. Esta é segunda revisão por IA; não constitui aprovação humana explícita nem autorização para treinar."
1dc91db4ec36a6dad462d3a4b6b6f202c57e0d79d8cd83ec12a45fbfc423b6ee,p022_img01_1dc91db4.jpg,22,positive,1,prior_taxonomy_ai_review,pending_human_review,"Fitas claras estão SOBRE O RUFO, não sobre telha; não atribuir classe reparo_telha a elas. Registrar intervenção fora do MVP. A junta entre peças e a abertura normal do canal não foram anotadas como ausência.",Segunda leitura independente: confirmo ruptura no rufo superior parcialmente coberta por fita. As fitas cobrem o rufo e não recebem classe reparo_telha. Mantive a caixa que cobre bordas preservadas e a lacuna ao lado da fita. A faixa negra central é o canal; juntas regulares não foram rotuladas ausência ou quebra. Esta é segunda revisão por IA; não constitui aprovação humana explícita nem autorização para treinar.
d86cc412a1856b2c5fbc85aeb9e3e83fe6a39ca0e14e9dcca2aee6a61fa6b6a5,p022_img02_d86cc412.jpg,22,ambiguous,5,prior_taxonomy_ai_review,pending_human_review,"A perda do rufo tem evidência de ruptura parcial, mas a convenção quebra/ausência merece revisão. Os depósitos nos sulcos são visualmente elevados; permanecem candidatos por possível confusão com incrustação/envelhecimento. Não usar esta imagem como negativo.","Segunda leitura independente: mantenho ambígua. Há lacuna entre os trechos do rufo com remanescente inferior, mas a fronteira quebra versus trecho ausente precisa de decisão técnica. Os quatro sulcos com material elevado continuam candidatos por falta de distinção segura entre fragmentos soltos, incrustação e envelhecimento. Preservo as cinco caixas como propostas, sem promovê-las. Esta é segunda revisão por IA; não constitui aprovação humana explícita nem autorização para treinar."
7b8b0c035e2292d990fa0c493c5f25163cdf5572bfd68098ecd9d8f7f2f7ea3b,p023_img01_7b8b0c03.jpg,23;35,positive,2,prior_taxonomy_ai_review,pending_human_review,"Junta vertical no rufo superior direito não é uma quebra. Mastro, fiação e selante localizado na passagem pela telha são elementos/intervenções fora do MVP; não concluir estanqueidade. Resíduo no sulco direito pode ser textura, sem caixa positiva.","Segunda leitura independente: confirmo ruptura superior esquerda e perda ampla no rufo inferior, com bordas irregulares preservadas. A junta superior à direita é regular; o mastro, fios e material localizado na passagem não são reparo_telha. Não contei a sombra ou a abertura do canal como lacuna de telha. Esta é segunda revisão por IA; não constitui aprovação humana explícita nem autorização para treinar."
23074d75889dd3540178b4f4967277d6dca6fc7066aa3062868c6a4386c3dd38,p024_img01_23074d75.jpg,24,positive,2,prior_taxonomy_ai_review,pending_human_review,"Não classificar a abertura escura entre rufos como telha ausente. Pequeno material escuro sobre a telha inferior em x≈484/y≈467 permanece duvidoso entre depósito, incrustação e elemento pequeno; precisa de revisão antes de eventual classe 2.","Segunda leitura independente: confirmo duas perdas irregulares separadas no rufo superior. A caixa central identifica a peça instalada danificada, incluindo contexto e fragmento adjacente, sem contar o fragmento como outra peça instalada. Pequena área escura da telha inferior não distingue com segurança resíduo solto de incrustação; não acrescentei classe2 por inferência. Esta é segunda revisão por IA; não constitui aprovação humana explícita nem autorização para treinar."
bca8f6e02e3f00fe307634bb55cde6ce2fb37cd10f6724a7d814be664ded6a1c,p024_img02_bca8f6e0.jpg,24,positive,3,prior_taxonomy_ai_review,pending_human_review,Tubo solto e haste sobre telhas são objetos estranhos da fase 2; não foram classificados como resíduos acumulados. A cobertura central sobreposta não é automaticamente uma telha quebrada. A foto mostra outro ângulo/trecho da junção; possíveis cenas relacionadas precisam permanecer no grupo CEASA.,"Segunda leitura independente: confirmo os três intervalos de rufo rompido; há remanescentes e margens que sustentam quebra parcial. A peça tubular e a haste no topo são objetos fora do MVP, sem conversão automática em resíduos_telha. As bordas onduladas das telhas e a sobreposição central não bastam para atribuir quebra ou ausência de telha. Esta é segunda revisão por IA; não constitui aprovação humana explícita nem autorização para treinar."
d7dcb606c5b1ff4b0f3ccb31f913ab53f98cc7635c38b2ad9107faed0b6addc6,p026_img01_d7dcb606.jpg,26,positive,2,prior_taxonomy_ai_review,pending_human_review,"Revisão integral: detritos no canal, mesmo sendo a página sobre juntas de rufo. A junta horizontal no rufo lateral não é quebra. Um elemento fino semelhante a ramo no canal central não sustenta vegetacao_calha sem revisão; não inferir água, vazão ou obstrução total.","Segunda leitura independente: confirmo dois agrupamentos delimitáveis de detritos dentro do canal escuro, apesar de a legenda temática tratar da junta do rufo. A junta horizontal do rufo lateral é regular. O elemento fino semelhante a ramo permanece sem classe7 por resolução/sombra insuficiente; não inferi água, obstrução, composição ou severidade. Esta é segunda revisão por IA; não constitui aprovação humana explícita nem autorização para treinar."
399d7cea73e4de2b057c2ec9863fc2dcf51e68f4aff2d32070c735c208cf36f5,p027_img01_399d7cea.jpg,27,positive,1,prior_taxonomy_ai_review,pending_human_review,"O pequeno remendo branco em x≈480/y≈543 está sobre o rufo inferior, não sobre telha; registro de intervenção fora do MVP. Fixadores e selantes são fase 2. A linha vertical em x≈477 no rufo superior e x≈520 no inferior são juntas, sem evidência isolada de ruptura.","Segunda leitura independente: confirmo perda irregular no rufo superior à esquerda, com margem remanescente. As duas juntas verticais não são rupturas. O remendo branco cobre rufo inferior, não telha; continua fora da classe3. A abertura central não é telha_ausente. Esta é segunda revisão por IA; não constitui aprovação humana explícita nem autorização para treinar."
f5b9ef7de70622b39b748bc2ee654166b5facc42a7c5e1ee8c37054f9217588c,p028_img01_f5b9ef7d.jpg,28,ambiguous,1,prior_taxonomy_ai_review,pending_human_review,"Sem caixa definitiva para corrosão dos fixadores: fase 2 e resolução limitada. Há terminação de faixa que sugere ausência à direita; a geometria precisa de revisão técnica. A telha inferior muda de nível na extremidade, o que não foi interpretado como ausência/quebra. Não usar como negativo.",Segunda leitura independente: mantenho ambígua. A faixa de rufo superior termina em x≈864 enquanto a cobertura continua à direita; é necessário confirmar se a continuação do rufo seria esperada. A caixa candidata não vira aprovação. Mudança de nível da telha inferior não fornece por si só ruptura ou falta de telha; pontos de fixação são fase2. Esta é segunda revisão por IA; não constitui aprovação humana explícita nem autorização para treinar.
50f69e0ccb9519d6aa2f58754218c1bf0fbda162a7612c885bd95d875c323ecb,p030_img01_50f69e0c.jpg,30,positive,8,prior_taxonomy_ai_review,pending_human_review,"Imagem integral e recorte ampliado da telha inferior examinados. A classe resíduos_calha corresponde à discussão com o usuário, mas estas caixas são propostas visuais e não têm aprovação humana explícita. Não há água diretamente visível; não atribuir vazão, obstrução percentual, severidade ou composição verificada. Não confundir a cabine do caminhão com achado do projeto. Agrupamentos separados adotados provisoriamente como ocorrências distintas.","Segunda leitura visual independente dos pixels: original inteiro e região inferior ampliada. Mantidas as oito caixas. Perfurações inferiores têm perda irregular de material no painel instalado; não são fragmentos soltos. Os furos circulares com fixação acima não foram classificados como quebra. Fragmentos estão no canal da calha e não comprovam água ou bloqueio hidráulico. Revisão feita por IA, sem aprovação humana/técnica; todas as propostas permanecem pendentes e não liberadas para treinamento."
73218070524752bc3173ea9ea6926dcf7bbd6dadb8a0800e4d7ed95d2e5bb971,p030_img02_73218070.jpg,30,positive,6,prior_taxonomy_ai_review,pending_human_review,Imagem integral examinada. Positivos de várias classes coexistem. Objetos sobre a telha e dentro da calha foram separados pelo suporte visível. Não há aprovação humana explícita destas caixas. Local e composição dos fragmentos além do que está visível não foram inferidos. Sombras e manchas não foram usadas como água acumulada. Revisar se vegetação e fragmentos parcialmente encobertos exigem ajuste das caixas.,"Segunda leitura visual independente: original inteiro e borda quebrada superior direita ampliada. Mantidas as classes0,2,7 e reduzida a caixa6 para evitar atribuir automaticamente material sobre o capeamento à calha. A ruptura da direita tem contexto de continuidade do painel instalado; não é usada como rótulo para todo fragmento solto. Ramos secos são reconhecíveis no canal. A cena é visualmente muito próxima da imagem p008_img02_68b395f0 e do canto em p006_img02_9227be4e; manter juntas em avaliação. Revisão feita por IA, sem aprovação humana/técnica; todas as propostas permanecem pendentes e não liberadas para treinamento."
a64803dabcfcaad82852da022b2a6bc85f6773ffba2e29095c4e67a51c66ff0e,p031_img01_a64803da.jpg,31,positive,1,prior_taxonomy_ai_review,pending_human_review,"Imagem integral examinada. Vegetação visível sobre o canal. A origem exata da raiz não é verificável, pois está encoberta; revisão técnica deve confirmar a convenção de vegetação associada à calha. Não há aprovação humana explícita. A sombra da planta sobre a telha não foi anotada como vegetação; bordas onduladas normais e junta vertical não foram tratadas como rupturas. Não inferir presença de água, contagem total de plantas nem risco estrutural.","Segunda leitura visual independente da imagem inteira: mantida a caixa7. Há folhas verdes e ramos sobre a área do canal; não se trata apenas de vegetação seca. Origem/raiz não são verificáveis e continuam pendentes. Sombra projetada para cima sobre a telha não foi ampliada como caixa de vegetação. Nenhum resíduo inequívoco ou ruptura adicional identificado. Revisão feita por IA, sem aprovação humana/técnica; todas as propostas permanecem pendentes e não liberadas para treinamento."
32a3cd23e01454b5e1ffaf38b4df5cd0de526914b65fa973f8398c84d57ec5e2,p033_img01_32a3cd23.jpg,33,ambiguous,0,prior_taxonomy_ai_review,pending_human_review,"Imagem integral visualmente revisada: nenhuma ocorrência inequívoca das classes ativas 0 a 7 foi encontrada. A pipa e os fios são objetos estranhos, previstos na classe de fase 2 (ID17), não resíduos de construção sobre a telha. Pequenos pontos próximos a fixações não têm detalhe suficiente para rotular ruptura. Negativa proposta somente para a taxonomia ativa; não certifica conformidade e não tem aprovação humana explícita. Não exportar como anotação aprovada sem revisão.","Segunda leitura visual independente da imagem inteira e ponto inferior em zoom: alterado de negative para ambiguous. Em aproximadamente x456–489,y551–606 há abertura/elemento passante irregular, e os pixels não permitem decidir entre passagem prevista, fixação danificada e ruptura da telha. A pipa continua fora da taxonomia ativa. Não foi inventada caixa0 e não registrar negativo antes da revisão técnica desse ponto. Revisão feita por IA, sem aprovação humana/técnica; todas as propostas permanecem pendentes e não liberadas para treinamento."
0f729b3e9a0bab66f6c0f309e403a5eef269f7743702e285122d3ef2d76bf89a,p033_img02_0f729b3e.jpg,33,ambiguous,0,prior_taxonomy_ai_review,pending_human_review,"Imagem integral visualmente revisada: nenhuma ocorrência inequívoca das classes ativas 0 a 7 foi encontrada. Um objeto semelhante a parafuso solto em torno de x660,y258 pertence potencialmente ao ID17 de fase 2; não foi transformado em resíduos_telha. Equipamento e suporte sobre a cobertura não comprovam quebra ou reparo. Negativa proposta para classes ativas, sem aprovação humana explícita; não é certificado de conformidade.","Segunda leitura visual independente da imagem inteira: mantida a proposta de negativo para IDs0–7. O objeto alongado solto em x660,y258 e o equipamento instalado não foram convertidos em resíduos/reparo. Pequenos pontos na textura não comprovam fragmentos ou rupturas. Negativo não significa conformidade técnica. Revisão feita por IA, sem aprovação humana/técnica; todas as propostas permanecem pendentes e não liberadas para treinamento."
73eefa51e56b97c53d83b5ba4e6d0c05e4f3b97bb0a936b3cb32ca6e889db1cc,p035_img01_73eefa51.jpg,35,ambiguous,9,prior_taxonomy_ai_review,pending_human_review,"Imagem integral, metade superior e metade inferior ampliadas examinadas. Há positivos claros, mas a imagem inteira fica ambígua enquanto se decide se a faixa em x60–165,y354–616 é fragmento solto ou telha instalada quebrada e se o fragmento inferior em x519–612,y531–616 está apoiado ou integra a peça. Há passagem de tirante/elemento metálico pela cobertura (fase2 ID18), sem conclusão de vedação nesta revisão. A pilha e o extremo da calha também exigem adjudicação de caixas. Não tem aprovação humana explícita; não promover esta imagem a treino com rótulos incompletos.","Segunda leitura visual independente: original inteiro, pilha superior, faixa esquerda inferior e peça inferior central ampliados. Mantido ambiguous. Pilha superior tem peças soltas inequívocas, mas os limites da peça instalada subjacente devem ser adjudicados. Faixa esquerda x60–165,y354–616 e peça inferior x519–612,y531–616 continuam ambíguas entre fragmentos, ruptura e sobreposição. Reduzida caixa6 ao interior do canal para excluir detritos sobre telha/capeamento; caixa2 inferior segue uma hipótese explicitamente pendente. Planta seca pequena no canal é reconhecível. Cena próxima de p005_img01_80528144/p006_img02_9227be4e: não separar entre treino e teste. Revisão feita por IA, sem aprovação humana/técnica; todas as propostas permanecem pendentes e não liberadas para treinamento."
